Target,Model,MAE,RMSE,R2
Avg Latency (ms),XGBoost,106.04833240998332,192.01419748877083,0.6948928110432331
Upload (Mbps),XGBoost,3.995231509633397,5.265439561668907,0.5736062678457878
Download (Mbps),XGBoost,1.794731258365519,3.7953991370874562,0.9419443571907362
Avg Latency (ms),ARIMA,330.6327733483236,387.2490258116368,
Upload (Mbps),ARIMA,6.684447036003554,8.677070134033949,
Download (Mbps),ARIMA,13.35450938073864,17.845114541915404,
